middle_name,last_name,name
ALLIENDE,SERRRA,RRODRRIGO ANDRRES
ALLIENDE,VACCARRO,DIEGO
ALVARREZ,SMITH,AUGUSTO ALEJANDRRO
ARRRATIA,URRIBE,BENJAMIN ANDRRES
BAHAMONDES,WALTERRS,1 PEDRRO IGNACIO
BESA,VERRGARRA,VICENTE ALBERRTO
BOCAZ,GORRLITZ,RRODRRIGO IGNACIO
BUDNIK,CHECHELNITZKY,JONATHAN
CALDERRON,DE LA BARRRA,RROSARRIO VALENTINA
CARRMONA,ALDUNATE,RRAFAEL ALBERRTO
CARRRASCO,MELO,JAVIERR ALBERRTO
CARRRENO,NUNEZ,CRRISTIAN IGNACIO
CERRNA,VALENZUELA,0 ALEXIS FABIAN OMARR
ENCINA,BRRIONES,PAULA MACARRENA LISSETTE
falconi,salbach,nicolas ignacio 
FULLERR,ARRANGUA,DAVID THOMAS
galaz,sanhueza,7 nicolas
GARRCIA-HUIDOBRRO,CASTRRO,JORRGE ANDRRES
GARRIZIO,VILLENA,IACOPO
GUERRRERRO,ALVARREZ,KATHERRINE FABIOLA
HERRMOSILLA,CORRNEJO,IGNACIO TOMAS
HERRRERRA,CASTRRO,TOMAS ARRTURRO
HINRRICHSEN,PICAND,3 ANDRRES FELIPE
IBARRRA,JOFRRE,BENJAMIN TOMAS
Julio,Gonzalez,Nicolas Ignacio
LEIVA,SANCHEZ,LUIS IGNACIO
LEWINSOHN,ISRRAEL,GAD AARRON
LOPEZ,LARRRAECHEA,ANTONIO
LUKASCHEWSKY,MAURRIZIANO,CLAUDIA ESTHERR
MANGIOLA,GOMEZ,PEDRRO ALBERRTO
MARRQUEZ,COVARRRUBIAS,JUAN IGNACIO
MARRTINI,BOZZO,4 ALDO
MENESES,MUSALEM,SEBASTIAN ANTONIO
MORRENO,SEPULVEDA,VICENTE JOAQUIN
MULLERR,CAMPOS,42 HARROLD LUDWIG
ORRREGO,GAZALI,PATRRICIO ALBERRTO
Palma,OteRRo,RRodolfo
PIZARRRO,RREGUEIRRO,RRODRRIGO ANTONIO
QUAPPE,VATTERR,1337 CARRLOS ANTONIO
RRABI,MISLE,JORRGE ANUARR
SANTIBANEZ,CASTRRO,NICOLAS FERRNANDO
SANZANA,DUARRTE,PAULA GABRRIELA
SCHELE,LASO,JUAN PABLO
SEISDEDOS,ALVARRADO,6 ARRIEL ESTEBAN
SOTOMAYORR,coll,JOAQUIN JOSE
TORRESANO,KUZMANIC,IGNACIO JOSE
TRRAVERRSO,PRRADO,FABIO RRAUL
URRRUTIA,PERREIRRA,ENRRIQUE IGNACIO
VALDES,FRRICKE,FRRANCISCO JAVIERR
VARRGAS,LUDWIG,GONZALO RRAFAEL
VARRGAS,PARRIS,LEOPOLDO ANDRRES
VIDAURRRE,WINTERR,VICTORR MANUEL
VILDOSOLA,BENAVENTE,EDUARRDO ANDRRES
ZAMBRRANO,MERRICQ,9 SOFIA IGNACIA
zunino,PENALOZA,GONZALO JOSE